filename,row,col,lat,lon
tile_0_raw.png,2560,0,,
tile_0_clahe.png,2560,0,,
tile_1_raw.png,3200,0,,
tile_1_clahe.png,3200,0,,
tile_2_raw.png,56960,640,,
tile_2_clahe.png,56960,640,,
tile_3_raw.png,57600,0,,
tile_3_clahe.png,57600,0,,
tile_4_raw.png,57600,640,,
tile_4_clahe.png,57600,640,,
tile_5_raw.png,57600,1280,,
tile_5_clahe.png,57600,1280,,
tile_6_raw.png,58240,0,,
tile_6_clahe.png,58240,0,,
tile_7_raw.png,58240,640,,
tile_7_clahe.png,58240,640,,
tile_8_raw.png,58240,1280,,
tile_8_clahe.png,58240,1280,,
tile_9_raw.png,58240,1920,,
tile_9_clahe.png,58240,1920,,
tile_10_raw.png,58880,0,,
tile_10_clahe.png,58880,0,,
tile_11_raw.png,58880,640,,
tile_11_clahe.png,58880,640,,
tile_12_raw.png,58880,1280,-85.8442641,357.867502
tile_12_clahe.png,58880,1280,-85.8442641,357.867502
tile_13_raw.png,58880,1920,,
tile_13_clahe.png,58880,1920,,
tile_14_raw.png,58880,2560,,
tile_14_clahe.png,58880,2560,,
tile_15_raw.png,59520,0,,
tile_15_clahe.png,59520,0,,
tile_16_raw.png,59520,640,,
tile_16_clahe.png,59520,640,,
tile_17_raw.png,59520,1280,,
tile_17_clahe.png,59520,1280,,
tile_18_raw.png,59520,1920,,
tile_18_clahe.png,59520,1920,,
tile_19_raw.png,59520,2560,,
tile_19_clahe.png,59520,2560,,
tile_20_raw.png,59520,3200,,
tile_20_clahe.png,59520,3200,,
tile_21_raw.png,60160,0,,
tile_21_clahe.png,60160,0,,
tile_22_raw.png,60160,640,,
tile_22_clahe.png,60160,640,,
tile_23_raw.png,60160,1280,,
tile_23_clahe.png,60160,1280,,
tile_24_raw.png,60160,1920,,
tile_24_clahe.png,60160,1920,,
tile_25_raw.png,60160,2560,,
tile_25_clahe.png,60160,2560,,
tile_26_raw.png,60160,3200,,
tile_26_clahe.png,60160,3200,,
tile_27_raw.png,60160,3840,,
tile_27_clahe.png,60160,3840,,
tile_28_raw.png,60800,0,,
tile_28_clahe.png,60800,0,,
tile_29_raw.png,60800,640,,
tile_29_clahe.png,60800,640,,
tile_30_raw.png,60800,1280,,
tile_30_clahe.png,60800,1280,,
tile_31_raw.png,60800,1920,,
tile_31_clahe.png,60800,1920,,
tile_32_raw.png,60800,2560,,
tile_32_clahe.png,60800,2560,,
tile_33_raw.png,60800,3200,,
tile_33_clahe.png,60800,3200,,
tile_34_raw.png,60800,3840,,
tile_34_clahe.png,60800,3840,,
tile_35_raw.png,60800,4480,,
tile_35_clahe.png,60800,4480,,
tile_36_raw.png,60800,5120,,
tile_36_clahe.png,60800,5120,,
tile_37_raw.png,61440,0,,
tile_37_clahe.png,61440,0,,
tile_38_raw.png,61440,640,,
tile_38_clahe.png,61440,640,,
tile_39_raw.png,61440,1280,,
tile_39_clahe.png,61440,1280,,
tile_40_raw.png,61440,1920,,
tile_40_clahe.png,61440,1920,,
tile_41_raw.png,61440,2560,,
tile_41_clahe.png,61440,2560,,
tile_42_raw.png,61440,3200,,
tile_42_clahe.png,61440,3200,,
tile_43_raw.png,61440,3840,,
tile_43_clahe.png,61440,3840,,
tile_44_raw.png,61440,4480,,
tile_44_clahe.png,61440,4480,,
tile_45_raw.png,61440,5120,,
tile_45_clahe.png,61440,5120,,
tile_46_raw.png,61440,5760,,
tile_46_clahe.png,61440,5760,,
tile_47_raw.png,62080,0,,
tile_47_clahe.png,62080,0,,
tile_48_raw.png,62080,640,,
tile_48_clahe.png,62080,640,,
tile_49_raw.png,62080,1280,-85.8177812,357.730045
tile_49_clahe.png,62080,1280,-85.8177812,357.730045
tile_50_raw.png,62080,1920,,
tile_50_clahe.png,62080,1920,,
tile_51_raw.png,62080,2560,,
tile_51_clahe.png,62080,2560,,
tile_52_raw.png,62080,3200,,
tile_52_clahe.png,62080,3200,,
tile_53_raw.png,62080,3840,,
tile_53_clahe.png,62080,3840,,
tile_54_raw.png,62080,4480,-85.8275782,357.352367
tile_54_clahe.png,62080,4480,-85.8275782,357.352367
tile_55_raw.png,62080,5120,,
tile_55_clahe.png,62080,5120,,
tile_56_raw.png,62080,5760,,
tile_56_clahe.png,62080,5760,,
tile_57_raw.png,62080,6400,,
tile_57_clahe.png,62080,6400,,
tile_58_raw.png,62720,0,,
tile_58_clahe.png,62720,0,,
tile_59_raw.png,62720,640,,
tile_59_clahe.png,62720,640,,
tile_60_raw.png,62720,1280,,
tile_60_clahe.png,62720,1280,,
tile_61_raw.png,62720,1920,,
tile_61_clahe.png,62720,1920,,
tile_62_raw.png,62720,2560,,
tile_62_clahe.png,62720,2560,,
tile_63_raw.png,62720,3200,,
tile_63_clahe.png,62720,3200,,
tile_64_raw.png,62720,3840,,
tile_64_clahe.png,62720,3840,,
tile_65_raw.png,62720,4480,,
tile_65_clahe.png,62720,4480,,
tile_66_raw.png,62720,5120,,
tile_66_clahe.png,62720,5120,,
tile_67_raw.png,62720,5760,,
tile_67_clahe.png,62720,5760,,
tile_68_raw.png,62720,6400,,
tile_68_clahe.png,62720,6400,,
tile_69_raw.png,62720,7040,,
tile_69_clahe.png,62720,7040,,
tile_70_raw.png,63360,0,,
tile_70_clahe.png,63360,0,,
tile_71_raw.png,63360,640,,
tile_71_clahe.png,63360,640,,
tile_72_raw.png,63360,1280,,
tile_72_clahe.png,63360,1280,,
tile_73_raw.png,63360,1920,,
tile_73_clahe.png,63360,1920,,
tile_74_raw.png,63360,2560,,
tile_74_clahe.png,63360,2560,,
tile_75_raw.png,63360,3200,,
tile_75_clahe.png,63360,3200,,
tile_76_raw.png,63360,3840,,
tile_76_clahe.png,63360,3840,,
tile_77_raw.png,63360,4480,,
tile_77_clahe.png,63360,4480,,
tile_78_raw.png,63360,5120,,
tile_78_clahe.png,63360,5120,,
tile_79_raw.png,63360,5760,,
tile_79_clahe.png,63360,5760,,
tile_80_raw.png,63360,6400,,
tile_80_clahe.png,63360,6400,,
tile_81_raw.png,63360,7040,,
tile_81_clahe.png,63360,7040,,
tile_82_raw.png,64000,0,,
tile_82_clahe.png,64000,0,,
tile_83_raw.png,64000,640,,
tile_83_clahe.png,64000,640,,
tile_84_raw.png,64000,1280,,
tile_84_clahe.png,64000,1280,,
tile_85_raw.png,64000,1920,,
tile_85_clahe.png,64000,1920,,
tile_86_raw.png,64000,2560,,
tile_86_clahe.png,64000,2560,,
tile_87_raw.png,64000,3200,,
tile_87_clahe.png,64000,3200,,
tile_88_raw.png,64000,3840,,
tile_88_clahe.png,64000,3840,,
tile_89_raw.png,64000,4480,,
tile_89_clahe.png,64000,4480,,
tile_90_raw.png,64000,5120,,
tile_90_clahe.png,64000,5120,,
tile_91_raw.png,64000,5760,,
tile_91_clahe.png,64000,5760,,
tile_92_raw.png,64000,6400,,
tile_92_clahe.png,64000,6400,,
tile_93_raw.png,64000,7040,,
tile_93_clahe.png,64000,7040,,
tile_94_raw.png,64000,7680,,
tile_94_clahe.png,64000,7680,,
tile_95_raw.png,64000,8320,,
tile_95_clahe.png,64000,8320,,
tile_96_raw.png,64640,0,,
tile_96_clahe.png,64640,0,,
tile_97_raw.png,64640,640,,
tile_97_clahe.png,64640,640,,
tile_98_raw.png,64640,1280,,
tile_98_clahe.png,64640,1280,,
tile_99_raw.png,64640,1920,,
tile_99_clahe.png,64640,1920,,
tile_100_raw.png,64640,2560,,
tile_100_clahe.png,64640,2560,,
tile_101_raw.png,64640,3200,,
tile_101_clahe.png,64640,3200,,
tile_102_raw.png,64640,3840,,
tile_102_clahe.png,64640,3840,,
tile_103_raw.png,64640,4480,,
tile_103_clahe.png,64640,4480,,
tile_104_raw.png,64640,5120,,
tile_104_clahe.png,64640,5120,,
tile_105_raw.png,64640,5760,,
tile_105_clahe.png,64640,5760,,
tile_106_raw.png,64640,6400,,
tile_106_clahe.png,64640,6400,,
tile_107_raw.png,64640,7040,,
tile_107_clahe.png,64640,7040,,
tile_108_raw.png,64640,7680,,
tile_108_clahe.png,64640,7680,,
tile_109_raw.png,64640,8320,,
tile_109_clahe.png,64640,8320,,
tile_110_raw.png,65280,0,,
tile_110_clahe.png,65280,0,,
tile_111_raw.png,65280,640,,
tile_111_clahe.png,65280,640,,
tile_112_raw.png,65280,1280,-85.7912797,357.594337
tile_112_clahe.png,65280,1280,-85.7912797,357.594337
tile_113_raw.png,65280,1920,,
tile_113_clahe.png,65280,1920,,
tile_114_raw.png,65280,2560,,
tile_114_clahe.png,65280,2560,,
tile_115_raw.png,65280,3200,,
tile_115_clahe.png,65280,3200,,
tile_116_raw.png,65280,3840,,
tile_116_clahe.png,65280,3840,,
tile_117_raw.png,65280,4480,-85.8010119,357.218744
tile_117_clahe.png,65280,4480,-85.8010119,357.218744
tile_118_raw.png,65280,5120,,
tile_118_clahe.png,65280,5120,,
tile_119_raw.png,65280,5760,,
tile_119_clahe.png,65280,5760,,
tile_120_raw.png,65280,6400,,
tile_120_clahe.png,65280,6400,,
tile_121_raw.png,65280,7040,,
tile_121_clahe.png,65280,7040,,
tile_122_raw.png,65280,7680,-85.8105714,356.840969
tile_122_clahe.png,65280,7680,-85.8105714,356.840969
tile_123_raw.png,65280,8320,,
tile_123_clahe.png,65280,8320,,
tile_124_raw.png,65280,8960,,
tile_124_clahe.png,65280,8960,,
tile_125_raw.png,65920,0,,
tile_125_clahe.png,65920,0,,
tile_126_raw.png,65920,640,,
tile_126_clahe.png,65920,640,,
tile_127_raw.png,65920,1280,,
tile_127_clahe.png,65920,1280,,
tile_128_raw.png,65920,1920,,
tile_128_clahe.png,65920,1920,,
tile_129_raw.png,65920,2560,,
tile_129_clahe.png,65920,2560,,
tile_130_raw.png,65920,3200,,
tile_130_clahe.png,65920,3200,,
tile_131_raw.png,65920,3840,,
tile_131_clahe.png,65920,3840,,
tile_132_raw.png,65920,4480,,
tile_132_clahe.png,65920,4480,,
tile_133_raw.png,65920,5120,,
tile_133_clahe.png,65920,5120,,
tile_134_raw.png,65920,5760,,
tile_134_clahe.png,65920,5760,,
tile_135_raw.png,65920,6400,,
tile_135_clahe.png,65920,6400,,
tile_136_raw.png,65920,7040,,
tile_136_clahe.png,65920,7040,,
tile_137_raw.png,65920,7680,,
tile_137_clahe.png,65920,7680,,
tile_138_raw.png,65920,8320,,
tile_138_clahe.png,65920,8320,,
tile_139_raw.png,65920,8960,,
tile_139_clahe.png,65920,8960,,
tile_140_raw.png,65920,9600,,
tile_140_clahe.png,65920,9600,,
tile_141_raw.png,66560,0,,
tile_141_clahe.png,66560,0,,
tile_142_raw.png,66560,640,,
tile_142_clahe.png,66560,640,,
tile_143_raw.png,66560,1280,,
tile_143_clahe.png,66560,1280,,
tile_144_raw.png,66560,1920,,
tile_144_clahe.png,66560,1920,,
tile_145_raw.png,66560,2560,,
tile_145_clahe.png,66560,2560,,
tile_146_raw.png,66560,3200,,
tile_146_clahe.png,66560,3200,,
tile_147_raw.png,66560,3840,,
tile_147_clahe.png,66560,3840,,
tile_148_raw.png,66560,4480,,
tile_148_clahe.png,66560,4480,,
tile_149_raw.png,66560,5120,,
tile_149_clahe.png,66560,5120,,
tile_150_raw.png,66560,5760,,
tile_150_clahe.png,66560,5760,,
tile_151_raw.png,66560,6400,,
tile_151_clahe.png,66560,6400,,
tile_152_raw.png,66560,7040,,
tile_152_clahe.png,66560,7040,,
tile_153_raw.png,66560,7680,,
tile_153_clahe.png,66560,7680,,
tile_154_raw.png,66560,8320,,
tile_154_clahe.png,66560,8320,,
tile_155_raw.png,66560,8960,,
tile_155_clahe.png,66560,8960,,
tile_156_raw.png,66560,9600,,
tile_156_clahe.png,66560,9600,,
tile_157_raw.png,66560,10240,,
tile_157_clahe.png,66560,10240,,
tile_158_raw.png,67200,0,,
tile_158_clahe.png,67200,0,,
tile_159_raw.png,67200,640,,
tile_159_clahe.png,67200,640,,
tile_160_raw.png,67200,1280,,
tile_160_clahe.png,67200,1280,,
tile_161_raw.png,67200,1920,,
tile_161_clahe.png,67200,1920,,
tile_162_raw.png,67200,2560,,
tile_162_clahe.png,67200,2560,,
tile_163_raw.png,67200,3200,,
tile_163_clahe.png,67200,3200,,
tile_164_raw.png,67200,3840,,
tile_164_clahe.png,67200,3840,,
tile_165_raw.png,67200,4480,,
tile_165_clahe.png,67200,4480,,
tile_166_raw.png,67200,5120,,
tile_166_clahe.png,67200,5120,,
tile_167_raw.png,67200,5760,,
tile_167_clahe.png,67200,5760,,
tile_168_raw.png,67200,6400,,
tile_168_clahe.png,67200,6400,,
tile_169_raw.png,67200,7040,,
tile_169_clahe.png,67200,7040,,
tile_170_raw.png,67200,7680,,
tile_170_clahe.png,67200,7680,,
tile_171_raw.png,67200,8320,,
tile_171_clahe.png,67200,8320,,
tile_172_raw.png,67200,8960,,
tile_172_clahe.png,67200,8960,,
tile_173_raw.png,67200,9600,,
tile_173_clahe.png,67200,9600,,
tile_174_raw.png,67200,10240,,
tile_174_clahe.png,67200,10240,,
tile_175_raw.png,67840,0,,
tile_175_clahe.png,67840,0,,
tile_176_raw.png,67840,640,,
tile_176_clahe.png,67840,640,,
tile_177_raw.png,67840,1280,,
tile_177_clahe.png,67840,1280,,
tile_178_raw.png,67840,1920,,
tile_178_clahe.png,67840,1920,,
tile_179_raw.png,67840,2560,,
tile_179_clahe.png,67840,2560,,
tile_180_raw.png,67840,3200,,
tile_180_clahe.png,67840,3200,,
tile_181_raw.png,67840,3840,,
tile_181_clahe.png,67840,3840,,
tile_182_raw.png,67840,4480,,
tile_182_clahe.png,67840,4480,,
tile_183_raw.png,67840,5120,,
tile_183_clahe.png,67840,5120,,
tile_184_raw.png,67840,5760,,
tile_184_clahe.png,67840,5760,,
tile_185_raw.png,67840,6400,,
tile_185_clahe.png,67840,6400,,
tile_186_raw.png,67840,7040,,
tile_186_clahe.png,67840,7040,,
tile_187_raw.png,67840,7680,,
tile_187_clahe.png,67840,7680,,
tile_188_raw.png,67840,8320,,
tile_188_clahe.png,67840,8320,,
tile_189_raw.png,67840,8960,,
tile_189_clahe.png,67840,8960,,
tile_190_raw.png,67840,9600,,
tile_190_clahe.png,67840,9600,,
tile_191_raw.png,67840,10240,,
tile_191_clahe.png,67840,10240,,
tile_192_raw.png,67840,10880,,
tile_192_clahe.png,67840,10880,,
tile_193_raw.png,68480,0,,
tile_193_clahe.png,68480,0,,
tile_194_raw.png,68480,640,,
tile_194_clahe.png,68480,640,,
tile_195_raw.png,68480,1280,-85.7647491,357.460257
tile_195_clahe.png,68480,1280,-85.7647491,357.460257
tile_196_raw.png,68480,1920,,
tile_196_clahe.png,68480,1920,,
tile_197_raw.png,68480,2560,,
tile_197_clahe.png,68480,2560,,
tile_198_raw.png,68480,3200,,
tile_198_clahe.png,68480,3200,,
tile_199_raw.png,68480,3840,,
tile_199_clahe.png,68480,3840,,
tile_200_raw.png,68480,4480,-85.7744171,357.086731
tile_200_clahe.png,68480,4480,-85.7744171,357.086731
tile_201_raw.png,68480,5120,,
tile_201_clahe.png,68480,5120,,
tile_202_raw.png,68480,5760,,
tile_202_clahe.png,68480,5760,,
tile_203_raw.png,68480,6400,,
tile_203_clahe.png,68480,6400,,
tile_204_raw.png,68480,7040,,
tile_204_clahe.png,68480,7040,,
tile_205_raw.png,68480,7680,-85.7839132,356.711058
tile_205_clahe.png,68480,7680,-85.7839132,356.711058
tile_206_raw.png,68480,8320,,
tile_206_clahe.png,68480,8320,,
tile_207_raw.png,68480,8960,,
tile_207_clahe.png,68480,8960,,
tile_208_raw.png,68480,9600,,
tile_208_clahe.png,68480,9600,,
tile_209_raw.png,68480,10240,,
tile_209_clahe.png,68480,10240,,
tile_210_raw.png,68480,10880,-85.7932358,356.333248
tile_210_clahe.png,68480,10880,-85.7932358,356.333248
tile_211_raw.png,69120,0,,
tile_211_clahe.png,69120,0,,
tile_212_raw.png,69120,640,,
tile_212_clahe.png,69120,640,,
tile_213_raw.png,69120,1280,,
tile_213_clahe.png,69120,1280,,
tile_214_raw.png,69120,1920,,
tile_214_clahe.png,69120,1920,,
tile_215_raw.png,69120,2560,,
tile_215_clahe.png,69120,2560,,
tile_216_raw.png,69120,3200,,
tile_216_clahe.png,69120,3200,,
tile_217_raw.png,69120,3840,,
tile_217_clahe.png,69120,3840,,
tile_218_raw.png,69120,4480,,
tile_218_clahe.png,69120,4480,,
tile_219_raw.png,69120,5120,,
tile_219_clahe.png,69120,5120,,
tile_220_raw.png,69120,5760,,
tile_220_clahe.png,69120,5760,,
tile_221_raw.png,69120,6400,,
tile_221_clahe.png,69120,6400,,
tile_222_raw.png,69120,7040,,
tile_222_clahe.png,69120,7040,,
tile_223_raw.png,69120,7680,,
tile_223_clahe.png,69120,7680,,
tile_224_raw.png,69120,8320,,
tile_224_clahe.png,69120,8320,,
tile_225_raw.png,69120,8960,,
tile_225_clahe.png,69120,8960,,
tile_226_raw.png,69120,9600,,
tile_226_clahe.png,69120,9600,,
tile_227_raw.png,69120,10240,,
tile_227_clahe.png,69120,10240,,
tile_228_raw.png,69120,10880,,
tile_228_clahe.png,69120,10880,,
tile_229_raw.png,69760,0,,
tile_229_clahe.png,69760,0,,
tile_230_raw.png,69760,640,,
tile_230_clahe.png,69760,640,,
tile_231_raw.png,69760,1280,,
tile_231_clahe.png,69760,1280,,
tile_232_raw.png,69760,1920,,
tile_232_clahe.png,69760,1920,,
tile_233_raw.png,69760,2560,,
tile_233_clahe.png,69760,2560,,
tile_234_raw.png,69760,3200,,
tile_234_clahe.png,69760,3200,,
tile_235_raw.png,69760,3840,,
tile_235_clahe.png,69760,3840,,
tile_236_raw.png,69760,4480,,
tile_236_clahe.png,69760,4480,,
tile_237_raw.png,69760,5120,,
tile_237_clahe.png,69760,5120,,
tile_238_raw.png,69760,5760,,
tile_238_clahe.png,69760,5760,,
tile_239_raw.png,69760,6400,,
tile_239_clahe.png,69760,6400,,
tile_240_raw.png,69760,7040,,
tile_240_clahe.png,69760,7040,,
tile_241_raw.png,69760,7680,,
tile_241_clahe.png,69760,7680,,
tile_242_raw.png,69760,8320,,
tile_242_clahe.png,69760,8320,,
tile_243_raw.png,69760,8960,,
tile_243_clahe.png,69760,8960,,
tile_244_raw.png,69760,9600,,
tile_244_clahe.png,69760,9600,,
tile_245_raw.png,69760,10240,,
tile_245_clahe.png,69760,10240,,
tile_246_raw.png,69760,10880,,
tile_246_clahe.png,69760,10880,,
tile_247_raw.png,70400,0,,
tile_247_clahe.png,70400,0,,
tile_248_raw.png,70400,640,,
tile_248_clahe.png,70400,640,,
tile_249_raw.png,70400,1280,,
tile_249_clahe.png,70400,1280,,
tile_250_raw.png,70400,1920,,
tile_250_clahe.png,70400,1920,,
tile_251_raw.png,70400,2560,,
tile_251_clahe.png,70400,2560,,
tile_252_raw.png,70400,3200,,
tile_252_clahe.png,70400,3200,,
tile_253_raw.png,70400,3840,,
tile_253_clahe.png,70400,3840,,
tile_254_raw.png,70400,4480,,
tile_254_clahe.png,70400,4480,,
tile_255_raw.png,70400,5120,,
tile_255_clahe.png,70400,5120,,
tile_256_raw.png,70400,5760,,
tile_256_clahe.png,70400,5760,,
tile_257_raw.png,70400,6400,,
tile_257_clahe.png,70400,6400,,
tile_258_raw.png,70400,7040,,
tile_258_clahe.png,70400,7040,,
tile_259_raw.png,70400,7680,,
tile_259_clahe.png,70400,7680,,
tile_260_raw.png,70400,8320,,
tile_260_clahe.png,70400,8320,,
tile_261_raw.png,70400,8960,,
tile_261_clahe.png,70400,8960,,
tile_262_raw.png,70400,9600,,
tile_262_clahe.png,70400,9600,,
tile_263_raw.png,70400,10240,,
tile_263_clahe.png,70400,10240,,
tile_264_raw.png,70400,10880,,
tile_264_clahe.png,70400,10880,,
tile_265_raw.png,71040,0,,
tile_265_clahe.png,71040,0,,
tile_266_raw.png,71040,640,,
tile_266_clahe.png,71040,640,,
tile_267_raw.png,71040,1280,,
tile_267_clahe.png,71040,1280,,
tile_268_raw.png,71040,1920,,
tile_268_clahe.png,71040,1920,,
tile_269_raw.png,71040,2560,,
tile_269_clahe.png,71040,2560,,
tile_270_raw.png,71040,3200,,
tile_270_clahe.png,71040,3200,,
tile_271_raw.png,71040,3840,,
tile_271_clahe.png,71040,3840,,
tile_272_raw.png,71040,4480,,
tile_272_clahe.png,71040,4480,,
tile_273_raw.png,71040,5120,,
tile_273_clahe.png,71040,5120,,
tile_274_raw.png,71040,5760,,
tile_274_clahe.png,71040,5760,,
tile_275_raw.png,71040,6400,,
tile_275_clahe.png,71040,6400,,
tile_276_raw.png,71040,7040,,
tile_276_clahe.png,71040,7040,,
tile_277_raw.png,71040,7680,,
tile_277_clahe.png,71040,7680,,
tile_278_raw.png,71040,8320,,
tile_278_clahe.png,71040,8320,,
tile_279_raw.png,71040,8960,,
tile_279_clahe.png,71040,8960,,
tile_280_raw.png,71040,9600,,
tile_280_clahe.png,71040,9600,,
tile_281_raw.png,71040,10240,,
tile_281_clahe.png,71040,10240,,
tile_282_raw.png,71040,10880,,
tile_282_clahe.png,71040,10880,,
tile_283_raw.png,71680,0,,
tile_283_clahe.png,71680,0,,
tile_284_raw.png,71680,640,,
tile_284_clahe.png,71680,640,,
tile_285_raw.png,71680,1280,-85.7381953,357.327821
tile_285_clahe.png,71680,1280,-85.7381953,357.327821
tile_286_raw.png,71680,1920,,
tile_286_clahe.png,71680,1920,,
tile_287_raw.png,71680,2560,,
tile_287_clahe.png,71680,2560,,
tile_288_raw.png,71680,3200,,
tile_288_clahe.png,71680,3200,,
tile_289_raw.png,71680,3840,,
tile_289_clahe.png,71680,3840,,
tile_290_raw.png,71680,4480,-85.7477999,356.956343
tile_290_clahe.png,71680,4480,-85.7477999,356.956343
tile_291_raw.png,71680,5120,,
tile_291_clahe.png,71680,5120,,
tile_292_raw.png,71680,5760,,
tile_292_clahe.png,71680,5760,,
tile_293_raw.png,71680,6400,,
tile_293_clahe.png,71680,6400,,
tile_294_raw.png,71680,7040,,
tile_294_clahe.png,71680,7040,,
tile_295_raw.png,71680,7680,-85.7572335,356.582753
tile_295_clahe.png,71680,7680,-85.7572335,356.582753
tile_296_raw.png,71680,8320,,
tile_296_clahe.png,71680,8320,,
tile_297_raw.png,71680,8960,,
tile_297_clahe.png,71680,8960,,
tile_298_raw.png,71680,9600,,
tile_298_clahe.png,71680,9600,,
tile_299_raw.png,71680,10240,,
tile_299_clahe.png,71680,10240,,
tile_300_raw.png,71680,10880,-85.7664943,356.207058
tile_300_clahe.png,71680,10880,-85.7664943,356.207058
tile_301_raw.png,72320,0,,
tile_301_clahe.png,72320,0,,
tile_302_raw.png,72320,640,,
tile_302_clahe.png,72320,640,,
tile_303_raw.png,72320,1280,,
tile_303_clahe.png,72320,1280,,
tile_304_raw.png,72320,1920,,
tile_304_clahe.png,72320,1920,,
tile_305_raw.png,72320,2560,,
tile_305_clahe.png,72320,2560,,
tile_306_raw.png,72320,3200,,
tile_306_clahe.png,72320,3200,,
tile_307_raw.png,72320,3840,,
tile_307_clahe.png,72320,3840,,
tile_308_raw.png,72320,4480,,
tile_308_clahe.png,72320,4480,,
tile_309_raw.png,72320,5120,,
tile_309_clahe.png,72320,5120,,
tile_310_raw.png,72320,5760,,
tile_310_clahe.png,72320,5760,,
tile_311_raw.png,72320,6400,,
tile_311_clahe.png,72320,6400,,
tile_312_raw.png,72320,7040,,
tile_312_clahe.png,72320,7040,,
tile_313_raw.png,72320,7680,,
tile_313_clahe.png,72320,7680,,
tile_314_raw.png,72320,8320,,
tile_314_clahe.png,72320,8320,,
tile_315_raw.png,72320,8960,,
tile_315_clahe.png,72320,8960,,
tile_316_raw.png,72320,9600,,
tile_316_clahe.png,72320,9600,,
tile_317_raw.png,72320,10240,,
tile_317_clahe.png,72320,10240,,
tile_318_raw.png,72320,10880,,
tile_318_clahe.png,72320,10880,,
tile_319_raw.png,72960,0,,
tile_319_clahe.png,72960,0,,
tile_320_raw.png,72960,640,,
tile_320_clahe.png,72960,640,,
tile_321_raw.png,72960,1280,,
tile_321_clahe.png,72960,1280,,
tile_322_raw.png,72960,1920,,
tile_322_clahe.png,72960,1920,,
tile_323_raw.png,72960,2560,,
tile_323_clahe.png,72960,2560,,
tile_324_raw.png,72960,3200,,
tile_324_clahe.png,72960,3200,,
tile_325_raw.png,72960,3840,,
tile_325_clahe.png,72960,3840,,
tile_326_raw.png,72960,4480,,
tile_326_clahe.png,72960,4480,,
tile_327_raw.png,72960,5120,,
tile_327_clahe.png,72960,5120,,
tile_328_raw.png,72960,5760,,
tile_328_clahe.png,72960,5760,,
tile_329_raw.png,72960,6400,,
tile_329_clahe.png,72960,6400,,
tile_330_raw.png,72960,7040,,
tile_330_clahe.png,72960,7040,,
tile_331_raw.png,72960,7680,,
tile_331_clahe.png,72960,7680,,
tile_332_raw.png,72960,8320,,
tile_332_clahe.png,72960,8320,,
tile_333_raw.png,72960,8960,,
tile_333_clahe.png,72960,8960,,
tile_334_raw.png,72960,9600,,
tile_334_clahe.png,72960,9600,,
tile_335_raw.png,72960,10240,,
tile_335_clahe.png,72960,10240,,
tile_336_raw.png,72960,10880,,
tile_336_clahe.png,72960,10880,,
tile_337_raw.png,73600,0,,
tile_337_clahe.png,73600,0,,
tile_338_raw.png,73600,640,,
tile_338_clahe.png,73600,640,,
tile_339_raw.png,73600,1280,,
tile_339_clahe.png,73600,1280,,
tile_340_raw.png,73600,1920,,
tile_340_clahe.png,73600,1920,,
tile_341_raw.png,73600,2560,,
tile_341_clahe.png,73600,2560,,
tile_342_raw.png,73600,3200,,
tile_342_clahe.png,73600,3200,,
tile_343_raw.png,73600,3840,,
tile_343_clahe.png,73600,3840,,
tile_344_raw.png,73600,4480,,
tile_344_clahe.png,73600,4480,,
tile_345_raw.png,73600,5120,,
tile_345_clahe.png,73600,5120,,
tile_346_raw.png,73600,5760,,
tile_346_clahe.png,73600,5760,,
tile_347_raw.png,73600,6400,,
tile_347_clahe.png,73600,6400,,
tile_348_raw.png,73600,7040,,
tile_348_clahe.png,73600,7040,,
tile_349_raw.png,73600,7680,,
tile_349_clahe.png,73600,7680,,
tile_350_raw.png,73600,8320,,
tile_350_clahe.png,73600,8320,,
tile_351_raw.png,73600,8960,,
tile_351_clahe.png,73600,8960,,
tile_352_raw.png,73600,9600,,
tile_352_clahe.png,73600,9600,,
tile_353_raw.png,73600,10240,,
tile_353_clahe.png,73600,10240,,
tile_354_raw.png,73600,10880,,
tile_354_clahe.png,73600,10880,,
tile_355_raw.png,74240,0,,
tile_355_clahe.png,74240,0,,
tile_356_raw.png,74240,640,,
tile_356_clahe.png,74240,640,,
tile_357_raw.png,74240,1280,,
tile_357_clahe.png,74240,1280,,
tile_358_raw.png,74240,1920,,
tile_358_clahe.png,74240,1920,,
tile_359_raw.png,74240,2560,,
tile_359_clahe.png,74240,2560,,
tile_360_raw.png,74240,3200,,
tile_360_clahe.png,74240,3200,,
tile_361_raw.png,74240,3840,,
tile_361_clahe.png,74240,3840,,
tile_362_raw.png,74240,4480,,
tile_362_clahe.png,74240,4480,,
tile_363_raw.png,74240,5120,,
tile_363_clahe.png,74240,5120,,
tile_364_raw.png,74240,5760,,
tile_364_clahe.png,74240,5760,,
tile_365_raw.png,74240,6400,,
tile_365_clahe.png,74240,6400,,
tile_366_raw.png,74240,7040,,
tile_366_clahe.png,74240,7040,,
tile_367_raw.png,74240,7680,,
tile_367_clahe.png,74240,7680,,
tile_368_raw.png,74240,8320,,
tile_368_clahe.png,74240,8320,,
tile_369_raw.png,74240,8960,,
tile_369_clahe.png,74240,8960,,
tile_370_raw.png,74240,9600,,
tile_370_clahe.png,74240,9600,,
tile_371_raw.png,74240,10240,,
tile_371_clahe.png,74240,10240,,
tile_372_raw.png,74240,10880,,
tile_372_clahe.png,74240,10880,,
tile_373_raw.png,74880,0,,
tile_373_clahe.png,74880,0,,
tile_374_raw.png,74880,640,,
tile_374_clahe.png,74880,640,,
tile_375_raw.png,74880,1280,-85.711616,357.197095
tile_375_clahe.png,74880,1280,-85.711616,357.197095
tile_376_raw.png,74880,1920,,
tile_376_clahe.png,74880,1920,,
tile_377_raw.png,74880,2560,,
tile_377_clahe.png,74880,2560,,
tile_378_raw.png,74880,3200,,
tile_378_clahe.png,74880,3200,,
tile_379_raw.png,74880,3840,,
tile_379_clahe.png,74880,3840,,
tile_380_raw.png,74880,4480,-85.7211581,356.827649
tile_380_clahe.png,74880,4480,-85.7211581,356.827649
tile_381_raw.png,74880,5120,,
tile_381_clahe.png,74880,5120,,
tile_382_raw.png,74880,5760,,
tile_382_clahe.png,74880,5760,,
tile_383_raw.png,74880,6400,,
tile_383_clahe.png,74880,6400,,
tile_384_raw.png,74880,7040,,
tile_384_clahe.png,74880,7040,,
tile_385_raw.png,74880,7680,-85.7305299,356.456122
tile_385_clahe.png,74880,7680,-85.7305299,356.456122
tile_386_raw.png,74880,8320,,
tile_386_clahe.png,74880,8320,,
tile_387_raw.png,74880,8960,,
tile_387_clahe.png,74880,8960,,
tile_388_raw.png,74880,9600,,
tile_388_clahe.png,74880,9600,,
tile_389_raw.png,74880,10240,,
tile_389_clahe.png,74880,10240,,
tile_390_raw.png,74880,10880,-85.7397297,356.082525
tile_390_clahe.png,74880,10880,-85.7397297,356.082525
tile_391_raw.png,75520,0,,
tile_391_clahe.png,75520,0,,
tile_392_raw.png,75520,640,,
tile_392_clahe.png,75520,640,,
tile_393_raw.png,75520,1280,,
tile_393_clahe.png,75520,1280,,
tile_394_raw.png,75520,1920,,
tile_394_clahe.png,75520,1920,,
tile_395_raw.png,75520,2560,,
tile_395_clahe.png,75520,2560,,
tile_396_raw.png,75520,3200,,
tile_396_clahe.png,75520,3200,,
tile_397_raw.png,75520,3840,,
tile_397_clahe.png,75520,3840,,
tile_398_raw.png,75520,4480,,
tile_398_clahe.png,75520,4480,,
tile_399_raw.png,75520,5120,,
tile_399_clahe.png,75520,5120,,
tile_400_raw.png,75520,5760,,
tile_400_clahe.png,75520,5760,,
tile_401_raw.png,75520,6400,,
tile_401_clahe.png,75520,6400,,
tile_402_raw.png,75520,7040,,
tile_402_clahe.png,75520,7040,,
tile_403_raw.png,75520,7680,,
tile_403_clahe.png,75520,7680,,
tile_404_raw.png,75520,8320,,
tile_404_clahe.png,75520,8320,,
tile_405_raw.png,75520,8960,,
tile_405_clahe.png,75520,8960,,
tile_406_raw.png,75520,9600,,
tile_406_clahe.png,75520,9600,,
tile_407_raw.png,75520,10240,,
tile_407_clahe.png,75520,10240,,
tile_408_raw.png,75520,10880,,
tile_408_clahe.png,75520,10880,,
tile_409_raw.png,76160,0,,
tile_409_clahe.png,76160,0,,
tile_410_raw.png,76160,640,,
tile_410_clahe.png,76160,640,,
tile_411_raw.png,76160,1280,,
tile_411_clahe.png,76160,1280,,
tile_412_raw.png,76160,1920,,
tile_412_clahe.png,76160,1920,,
tile_413_raw.png,76160,2560,,
tile_413_clahe.png,76160,2560,,
tile_414_raw.png,76160,3200,,
tile_414_clahe.png,76160,3200,,
tile_415_raw.png,76160,3840,,
tile_415_clahe.png,76160,3840,,
tile_416_raw.png,76160,4480,,
tile_416_clahe.png,76160,4480,,
tile_417_raw.png,76160,5120,,
tile_417_clahe.png,76160,5120,,
tile_418_raw.png,76160,5760,,
tile_418_clahe.png,76160,5760,,
tile_419_raw.png,76160,6400,,
tile_419_clahe.png,76160,6400,,
tile_420_raw.png,76160,7040,,
tile_420_clahe.png,76160,7040,,
tile_421_raw.png,76160,7680,,
tile_421_clahe.png,76160,7680,,
tile_422_raw.png,76160,8320,,
tile_422_clahe.png,76160,8320,,
tile_423_raw.png,76160,8960,,
tile_423_clahe.png,76160,8960,,
tile_424_raw.png,76160,9600,,
tile_424_clahe.png,76160,9600,,
tile_425_raw.png,76160,10240,,
tile_425_clahe.png,76160,10240,,
tile_426_raw.png,76160,10880,,
tile_426_clahe.png,76160,10880,,
tile_427_raw.png,76800,0,,
tile_427_clahe.png,76800,0,,
tile_428_raw.png,76800,640,,
tile_428_clahe.png,76800,640,,
tile_429_raw.png,76800,1280,,
tile_429_clahe.png,76800,1280,,
tile_430_raw.png,76800,1920,,
tile_430_clahe.png,76800,1920,,
tile_431_raw.png,76800,2560,,
tile_431_clahe.png,76800,2560,,
tile_432_raw.png,76800,3200,,
tile_432_clahe.png,76800,3200,,
tile_433_raw.png,76800,3840,,
tile_433_clahe.png,76800,3840,,
tile_434_raw.png,76800,4480,,
tile_434_clahe.png,76800,4480,,
tile_435_raw.png,76800,5120,,
tile_435_clahe.png,76800,5120,,
tile_436_raw.png,76800,5760,,
tile_436_clahe.png,76800,5760,,
tile_437_raw.png,76800,6400,,
tile_437_clahe.png,76800,6400,,
tile_438_raw.png,76800,7040,,
tile_438_clahe.png,76800,7040,,
tile_439_raw.png,76800,7680,,
tile_439_clahe.png,76800,7680,,
tile_440_raw.png,76800,8320,,
tile_440_clahe.png,76800,8320,,
tile_441_raw.png,76800,8960,,
tile_441_clahe.png,76800,8960,,
tile_442_raw.png,76800,9600,,
tile_442_clahe.png,76800,9600,,
tile_443_raw.png,76800,10240,,
tile_443_clahe.png,76800,10240,,
tile_444_raw.png,76800,10880,,
tile_444_clahe.png,76800,10880,,
tile_445_raw.png,77440,0,,
tile_445_clahe.png,77440,0,,
tile_446_raw.png,77440,640,,
tile_446_clahe.png,77440,640,,
tile_447_raw.png,77440,1280,,
tile_447_clahe.png,77440,1280,,
tile_448_raw.png,77440,1920,,
tile_448_clahe.png,77440,1920,,
tile_449_raw.png,77440,2560,,
tile_449_clahe.png,77440,2560,,
tile_450_raw.png,77440,3200,,
tile_450_clahe.png,77440,3200,,
tile_451_raw.png,77440,3840,,
tile_451_clahe.png,77440,3840,,
tile_452_raw.png,77440,4480,,
tile_452_clahe.png,77440,4480,,
tile_453_raw.png,77440,5120,,
tile_453_clahe.png,77440,5120,,
tile_454_raw.png,77440,5760,,
tile_454_clahe.png,77440,5760,,
tile_455_raw.png,77440,6400,,
tile_455_clahe.png,77440,6400,,
tile_456_raw.png,77440,7040,,
tile_456_clahe.png,77440,7040,,
tile_457_raw.png,77440,7680,,
tile_457_clahe.png,77440,7680,,
tile_458_raw.png,77440,8320,,
tile_458_clahe.png,77440,8320,,
tile_459_raw.png,77440,8960,,
tile_459_clahe.png,77440,8960,,
tile_460_raw.png,77440,9600,,
tile_460_clahe.png,77440,9600,,
tile_461_raw.png,77440,10240,,
tile_461_clahe.png,77440,10240,,
tile_462_raw.png,77440,10880,,
tile_462_clahe.png,77440,10880,,
tile_463_raw.png,78080,0,,
tile_463_clahe.png,78080,0,,
tile_464_raw.png,78080,640,,
tile_464_clahe.png,78080,640,,
tile_465_raw.png,78080,1280,-85.6850214,357.068065
tile_465_clahe.png,78080,1280,-85.6850214,357.068065
tile_466_raw.png,78080,1920,,
tile_466_clahe.png,78080,1920,,
tile_467_raw.png,78080,2560,,
tile_467_clahe.png,78080,2560,,
tile_468_raw.png,78080,3200,,
tile_468_clahe.png,78080,3200,,
tile_469_raw.png,78080,3840,,
tile_469_clahe.png,78080,3840,,
tile_470_raw.png,78080,4480,-85.6945016,356.700632
tile_470_clahe.png,78080,4480,-85.6945016,356.700632
tile_471_raw.png,78080,5120,,
tile_471_clahe.png,78080,5120,,
tile_472_raw.png,78080,5760,,
tile_472_clahe.png,78080,5760,,
tile_473_raw.png,78080,6400,,
tile_473_clahe.png,78080,6400,,
tile_474_raw.png,78080,7040,,
tile_474_clahe.png,78080,7040,,
tile_475_raw.png,78080,7680,-85.7038123,356.331151
tile_475_clahe.png,78080,7680,-85.7038123,356.331151
tile_476_raw.png,78080,8320,,
tile_476_clahe.png,78080,8320,,
tile_477_raw.png,78080,8960,,
tile_477_clahe.png,78080,8960,,
tile_478_raw.png,78080,9600,,
tile_478_clahe.png,78080,9600,,
tile_479_raw.png,78080,10240,,
tile_479_clahe.png,78080,10240,,
tile_480_raw.png,78080,10880,-85.7129518,355.959631
tile_480_clahe.png,78080,10880,-85.7129518,355.959631
tile_481_raw.png,78720,0,,
tile_481_clahe.png,78720,0,,
tile_482_raw.png,78720,640,,
tile_482_clahe.png,78720,640,,
tile_483_raw.png,78720,1280,,
tile_483_clahe.png,78720,1280,,
tile_484_raw.png,78720,1920,,
tile_484_clahe.png,78720,1920,,
tile_485_raw.png,78720,2560,,
tile_485_clahe.png,78720,2560,,
tile_486_raw.png,78720,3200,,
tile_486_clahe.png,78720,3200,,
tile_487_raw.png,78720,3840,,
tile_487_clahe.png,78720,3840,,
tile_488_raw.png,78720,4480,,
tile_488_clahe.png,78720,4480,,
tile_489_raw.png,78720,5120,,
tile_489_clahe.png,78720,5120,,
tile_490_raw.png,78720,5760,,
tile_490_clahe.png,78720,5760,,
tile_491_raw.png,78720,6400,,
tile_491_clahe.png,78720,6400,,
tile_492_raw.png,78720,7040,,
tile_492_clahe.png,78720,7040,,
tile_493_raw.png,78720,7680,,
tile_493_clahe.png,78720,7680,,
tile_494_raw.png,78720,8320,,
tile_494_clahe.png,78720,8320,,
tile_495_raw.png,78720,8960,,
tile_495_clahe.png,78720,8960,,
tile_496_raw.png,78720,9600,,
tile_496_clahe.png,78720,9600,,
tile_497_raw.png,78720,10240,,
tile_497_clahe.png,78720,10240,,
tile_498_raw.png,78720,10880,,
tile_498_clahe.png,78720,10880,,
tile_499_raw.png,79360,0,,
tile_499_clahe.png,79360,0,,
tile_500_raw.png,79360,640,,
tile_500_clahe.png,79360,640,,
tile_501_raw.png,79360,1280,,
tile_501_clahe.png,79360,1280,,
tile_502_raw.png,79360,1920,,
tile_502_clahe.png,79360,1920,,
tile_503_raw.png,79360,2560,,
tile_503_clahe.png,79360,2560,,
tile_504_raw.png,79360,3200,,
tile_504_clahe.png,79360,3200,,
tile_505_raw.png,79360,3840,,
tile_505_clahe.png,79360,3840,,
tile_506_raw.png,79360,4480,,
tile_506_clahe.png,79360,4480,,
tile_507_raw.png,79360,5120,,
tile_507_clahe.png,79360,5120,,
tile_508_raw.png,79360,5760,,
tile_508_clahe.png,79360,5760,,
tile_509_raw.png,79360,6400,,
tile_509_clahe.png,79360,6400,,
tile_510_raw.png,79360,7040,,
tile_510_clahe.png,79360,7040,,
tile_511_raw.png,79360,7680,,
tile_511_clahe.png,79360,7680,,
tile_512_raw.png,79360,8320,,
tile_512_clahe.png,79360,8320,,
tile_513_raw.png,79360,8960,,
tile_513_clahe.png,79360,8960,,
tile_514_raw.png,79360,9600,,
tile_514_clahe.png,79360,9600,,
tile_515_raw.png,79360,10240,,
tile_515_clahe.png,79360,10240,,
tile_516_raw.png,79360,10880,,
tile_516_clahe.png,79360,10880,,
tile_517_raw.png,80000,0,,
tile_517_clahe.png,80000,0,,
tile_518_raw.png,80000,640,,
tile_518_clahe.png,80000,640,,
tile_519_raw.png,80000,1280,,
tile_519_clahe.png,80000,1280,,
tile_520_raw.png,80000,1920,,
tile_520_clahe.png,80000,1920,,
tile_521_raw.png,80000,2560,,
tile_521_clahe.png,80000,2560,,
tile_522_raw.png,80000,3200,,
tile_522_clahe.png,80000,3200,,
tile_523_raw.png,80000,3840,,
tile_523_clahe.png,80000,3840,,
tile_524_raw.png,80000,4480,,
tile_524_clahe.png,80000,4480,,
tile_525_raw.png,80000,5120,,
tile_525_clahe.png,80000,5120,,
tile_526_raw.png,80000,5760,,
tile_526_clahe.png,80000,5760,,
tile_527_raw.png,80000,6400,,
tile_527_clahe.png,80000,6400,,
tile_528_raw.png,80000,7040,,
tile_528_clahe.png,80000,7040,,
tile_529_raw.png,80000,7680,,
tile_529_clahe.png,80000,7680,,
tile_530_raw.png,80000,8320,,
tile_530_clahe.png,80000,8320,,
tile_531_raw.png,80000,8960,,
tile_531_clahe.png,80000,8960,,
tile_532_raw.png,80000,9600,,
tile_532_clahe.png,80000,9600,,
tile_533_raw.png,80000,10240,,
tile_533_clahe.png,80000,10240,,
tile_534_raw.png,80000,10880,,
tile_534_clahe.png,80000,10880,,
tile_535_raw.png,80640,0,,
tile_535_clahe.png,80640,0,,
tile_536_raw.png,80640,640,,
tile_536_clahe.png,80640,640,,
tile_537_raw.png,80640,1280,,
tile_537_clahe.png,80640,1280,,
tile_538_raw.png,80640,1920,,
tile_538_clahe.png,80640,1920,,
tile_539_raw.png,80640,2560,,
tile_539_clahe.png,80640,2560,,
tile_540_raw.png,80640,3200,,
tile_540_clahe.png,80640,3200,,
tile_541_raw.png,80640,3840,,
tile_541_clahe.png,80640,3840,,
tile_542_raw.png,80640,4480,,
tile_542_clahe.png,80640,4480,,
tile_543_raw.png,80640,5120,,
tile_543_clahe.png,80640,5120,,
tile_544_raw.png,80640,5760,,
tile_544_clahe.png,80640,5760,,
tile_545_raw.png,80640,6400,,
tile_545_clahe.png,80640,6400,,
tile_546_raw.png,80640,7040,,
tile_546_clahe.png,80640,7040,,
tile_547_raw.png,80640,7680,,
tile_547_clahe.png,80640,7680,,
tile_548_raw.png,80640,8320,,
tile_548_clahe.png,80640,8320,,
tile_549_raw.png,80640,8960,,
tile_549_clahe.png,80640,8960,,
tile_550_raw.png,80640,9600,,
tile_550_clahe.png,80640,9600,,
tile_551_raw.png,80640,10240,,
tile_551_clahe.png,80640,10240,,
tile_552_raw.png,80640,10880,,
tile_552_clahe.png,80640,10880,,
tile_553_raw.png,81280,0,,
tile_553_clahe.png,81280,0,,
tile_554_raw.png,81280,640,,
tile_554_clahe.png,81280,640,,
tile_555_raw.png,81280,1280,-85.6584064,356.94051
tile_555_clahe.png,81280,1280,-85.6584064,356.94051
tile_556_raw.png,81280,1920,,
tile_556_clahe.png,81280,1920,,
tile_557_raw.png,81280,2560,,
tile_557_clahe.png,81280,2560,,
tile_558_raw.png,81280,3200,,
tile_558_clahe.png,81280,3200,,
tile_559_raw.png,81280,3840,,
tile_559_clahe.png,81280,3840,,
tile_560_raw.png,81280,4480,-85.6678254,356.575072
tile_560_clahe.png,81280,4480,-85.6678254,356.575072
tile_561_raw.png,81280,5120,,
tile_561_clahe.png,81280,5120,,
tile_562_raw.png,81280,5760,,
tile_562_clahe.png,81280,5760,,
tile_563_raw.png,81280,6400,,
tile_563_clahe.png,81280,6400,,
tile_564_raw.png,81280,7040,,
tile_564_clahe.png,81280,7040,,
tile_565_raw.png,81280,7680,-85.6770756,356.207617
tile_565_clahe.png,81280,7680,-85.6770756,356.207617
tile_566_raw.png,81280,8320,,
tile_566_clahe.png,81280,8320,,
tile_567_raw.png,81280,8960,,
tile_567_clahe.png,81280,8960,,
tile_568_raw.png,81280,9600,,
tile_568_clahe.png,81280,9600,,
tile_569_raw.png,81280,10240,,
tile_569_clahe.png,81280,10240,,
tile_570_raw.png,81280,10880,-85.6861555,355.838155
tile_570_clahe.png,81280,10880,-85.6861555,355.838155
tile_571_raw.png,81920,0,,
tile_571_clahe.png,81920,0,,
tile_572_raw.png,81920,640,,
tile_572_clahe.png,81920,640,,
tile_573_raw.png,81920,1280,,
tile_573_clahe.png,81920,1280,,
tile_574_raw.png,81920,1920,,
tile_574_clahe.png,81920,1920,,
tile_575_raw.png,81920,2560,,
tile_575_clahe.png,81920,2560,,
tile_576_raw.png,81920,3200,,
tile_576_clahe.png,81920,3200,,
tile_577_raw.png,81920,3840,,
tile_577_clahe.png,81920,3840,,
tile_578_raw.png,81920,4480,,
tile_578_clahe.png,81920,4480,,
tile_579_raw.png,81920,5120,,
tile_579_clahe.png,81920,5120,,
tile_580_raw.png,81920,5760,,
tile_580_clahe.png,81920,5760,,
tile_581_raw.png,81920,6400,,
tile_581_clahe.png,81920,6400,,
tile_582_raw.png,81920,7040,,
tile_582_clahe.png,81920,7040,,
tile_583_raw.png,81920,7680,,
tile_583_clahe.png,81920,7680,,
tile_584_raw.png,81920,8320,,
tile_584_clahe.png,81920,8320,,
tile_585_raw.png,81920,8960,,
tile_585_clahe.png,81920,8960,,
tile_586_raw.png,81920,9600,,
tile_586_clahe.png,81920,9600,,
tile_587_raw.png,81920,10240,,
tile_587_clahe.png,81920,10240,,
tile_588_raw.png,81920,10880,,
tile_588_clahe.png,81920,10880,,
tile_589_raw.png,82560,0,,
tile_589_clahe.png,82560,0,,
tile_590_raw.png,82560,640,,
tile_590_clahe.png,82560,640,,
tile_591_raw.png,82560,1280,,
tile_591_clahe.png,82560,1280,,
tile_592_raw.png,82560,1920,,
tile_592_clahe.png,82560,1920,,
tile_593_raw.png,82560,2560,,
tile_593_clahe.png,82560,2560,,
tile_594_raw.png,82560,3200,,
tile_594_clahe.png,82560,3200,,
tile_595_raw.png,82560,3840,,
tile_595_clahe.png,82560,3840,,
tile_596_raw.png,82560,4480,,
tile_596_clahe.png,82560,4480,,
tile_597_raw.png,82560,5120,,
tile_597_clahe.png,82560,5120,,
tile_598_raw.png,82560,5760,,
tile_598_clahe.png,82560,5760,,
tile_599_raw.png,82560,6400,,
tile_599_clahe.png,82560,6400,,
tile_600_raw.png,82560,7040,,
tile_600_clahe.png,82560,7040,,
tile_601_raw.png,82560,7680,,
tile_601_clahe.png,82560,7680,,
tile_602_raw.png,82560,8320,,
tile_602_clahe.png,82560,8320,,
tile_603_raw.png,82560,8960,,
tile_603_clahe.png,82560,8960,,
tile_604_raw.png,82560,9600,,
tile_604_clahe.png,82560,9600,,
tile_605_raw.png,82560,10240,,
tile_605_clahe.png,82560,10240,,
tile_606_raw.png,82560,10880,,
tile_606_clahe.png,82560,10880,,
tile_607_raw.png,83200,0,,
tile_607_clahe.png,83200,0,,
tile_608_raw.png,83200,640,,
tile_608_clahe.png,83200,640,,
tile_609_raw.png,83200,1280,,
tile_609_clahe.png,83200,1280,,
tile_610_raw.png,83200,1920,,
tile_610_clahe.png,83200,1920,,
tile_611_raw.png,83200,2560,,
tile_611_clahe.png,83200,2560,,
tile_612_raw.png,83200,3200,,
tile_612_clahe.png,83200,3200,,
tile_613_raw.png,83200,3840,,
tile_613_clahe.png,83200,3840,,
tile_614_raw.png,83200,4480,,
tile_614_clahe.png,83200,4480,,
tile_615_raw.png,83200,5120,,
tile_615_clahe.png,83200,5120,,
tile_616_raw.png,83200,5760,,
tile_616_clahe.png,83200,5760,,
tile_617_raw.png,83200,6400,,
tile_617_clahe.png,83200,6400,,
tile_618_raw.png,83200,7040,,
tile_618_clahe.png,83200,7040,,
tile_619_raw.png,83200,7680,,
tile_619_clahe.png,83200,7680,,
tile_620_raw.png,83200,8320,,
tile_620_clahe.png,83200,8320,,
tile_621_raw.png,83200,8960,,
tile_621_clahe.png,83200,8960,,
tile_622_raw.png,83200,9600,,
tile_622_clahe.png,83200,9600,,
tile_623_raw.png,83200,10240,,
tile_623_clahe.png,83200,10240,,
tile_624_raw.png,83200,10880,,
tile_624_clahe.png,83200,10880,,
tile_625_raw.png,83840,0,,
tile_625_clahe.png,83840,0,,
tile_626_raw.png,83840,640,,
tile_626_clahe.png,83840,640,,
tile_627_raw.png,83840,1280,,
tile_627_clahe.png,83840,1280,,
tile_628_raw.png,83840,1920,,
tile_628_clahe.png,83840,1920,,
tile_629_raw.png,83840,2560,,
tile_629_clahe.png,83840,2560,,
tile_630_raw.png,83840,3200,,
tile_630_clahe.png,83840,3200,,
tile_631_raw.png,83840,3840,,
tile_631_clahe.png,83840,3840,,
tile_632_raw.png,83840,4480,,
tile_632_clahe.png,83840,4480,,
tile_633_raw.png,83840,5120,,
tile_633_clahe.png,83840,5120,,
tile_634_raw.png,83840,5760,,
tile_634_clahe.png,83840,5760,,
tile_635_raw.png,83840,6400,,
tile_635_clahe.png,83840,6400,,
tile_636_raw.png,83840,7040,,
tile_636_clahe.png,83840,7040,,
tile_637_raw.png,83840,7680,,
tile_637_clahe.png,83840,7680,,
tile_638_raw.png,83840,8320,,
tile_638_clahe.png,83840,8320,,
tile_639_raw.png,83840,8960,,
tile_639_clahe.png,83840,8960,,
tile_640_raw.png,83840,9600,,
tile_640_clahe.png,83840,9600,,
tile_641_raw.png,83840,10240,,
tile_641_clahe.png,83840,10240,,
tile_642_raw.png,83840,10880,,
tile_642_clahe.png,83840,10880,,
tile_643_raw.png,84480,0,,
tile_643_clahe.png,84480,0,,
tile_644_raw.png,84480,640,,
tile_644_clahe.png,84480,640,,
tile_645_raw.png,84480,1280,-85.6317759,356.814479
tile_645_clahe.png,84480,1280,-85.6317759,356.814479
tile_646_raw.png,84480,1920,,
tile_646_clahe.png,84480,1920,,
tile_647_raw.png,84480,2560,,
tile_647_clahe.png,84480,2560,,
tile_648_raw.png,84480,3200,,
tile_648_clahe.png,84480,3200,,
tile_649_raw.png,84480,3840,,
tile_649_clahe.png,84480,3840,,
tile_650_raw.png,84480,4480,-85.6411343,356.451018
tile_650_clahe.png,84480,4480,-85.6411343,356.451018
tile_651_raw.png,84480,5120,,
tile_651_clahe.png,84480,5120,,
tile_652_raw.png,84480,5760,,
tile_652_clahe.png,84480,5760,,
tile_653_raw.png,84480,6400,,
tile_653_clahe.png,84480,6400,,
tile_654_raw.png,84480,7040,,
tile_654_clahe.png,84480,7040,,
tile_655_raw.png,84480,7680,-85.6503248,356.085571
tile_655_clahe.png,84480,7680,-85.6503248,356.085571
tile_656_raw.png,84480,8320,,
tile_656_clahe.png,84480,8320,,
tile_657_raw.png,84480,8960,,
tile_657_clahe.png,84480,8960,,
tile_658_raw.png,84480,9600,,
tile_658_clahe.png,84480,9600,,
tile_659_raw.png,84480,10240,,
tile_659_clahe.png,84480,10240,,
tile_660_raw.png,84480,10880,-85.6593457,355.718147
tile_660_clahe.png,84480,10880,-85.6593457,355.718147
tile_661_raw.png,85120,0,,
tile_661_clahe.png,85120,0,,
tile_662_raw.png,85120,640,,
tile_662_clahe.png,85120,640,,
tile_663_raw.png,85120,1280,,
tile_663_clahe.png,85120,1280,,
tile_664_raw.png,85120,1920,,
tile_664_clahe.png,85120,1920,,
tile_665_raw.png,85120,2560,,
tile_665_clahe.png,85120,2560,,
tile_666_raw.png,85120,3200,,
tile_666_clahe.png,85120,3200,,
tile_667_raw.png,85120,3840,,
tile_667_clahe.png,85120,3840,,
tile_668_raw.png,85120,4480,,
tile_668_clahe.png,85120,4480,,
tile_669_raw.png,85120,5120,,
tile_669_clahe.png,85120,5120,,
tile_670_raw.png,85120,5760,,
tile_670_clahe.png,85120,5760,,
tile_671_raw.png,85120,6400,,
tile_671_clahe.png,85120,6400,,
tile_672_raw.png,85120,7040,,
tile_672_clahe.png,85120,7040,,
tile_673_raw.png,85120,7680,,
tile_673_clahe.png,85120,7680,,
tile_674_raw.png,85120,8320,,
tile_674_clahe.png,85120,8320,,
tile_675_raw.png,85120,8960,,
tile_675_clahe.png,85120,8960,,
tile_676_raw.png,85120,9600,,
tile_676_clahe.png,85120,9600,,
tile_677_raw.png,85120,10240,,
tile_677_clahe.png,85120,10240,,
tile_678_raw.png,85120,10880,,
tile_678_clahe.png,85120,10880,,
tile_679_raw.png,85760,0,,
tile_679_clahe.png,85760,0,,
tile_680_raw.png,85760,640,,
tile_680_clahe.png,85760,640,,
tile_681_raw.png,85760,1280,,
tile_681_clahe.png,85760,1280,,
tile_682_raw.png,85760,1920,,
tile_682_clahe.png,85760,1920,,
tile_683_raw.png,85760,2560,,
tile_683_clahe.png,85760,2560,,
tile_684_raw.png,85760,3200,,
tile_684_clahe.png,85760,3200,,
tile_685_raw.png,85760,3840,,
tile_685_clahe.png,85760,3840,,
tile_686_raw.png,85760,4480,,
tile_686_clahe.png,85760,4480,,
tile_687_raw.png,85760,5120,,
tile_687_clahe.png,85760,5120,,
tile_688_raw.png,85760,5760,,
tile_688_clahe.png,85760,5760,,
tile_689_raw.png,85760,6400,,
tile_689_clahe.png,85760,6400,,
tile_690_raw.png,85760,7040,,
tile_690_clahe.png,85760,7040,,
tile_691_raw.png,85760,7680,,
tile_691_clahe.png,85760,7680,,
tile_692_raw.png,85760,8320,,
tile_692_clahe.png,85760,8320,,
tile_693_raw.png,85760,8960,,
tile_693_clahe.png,85760,8960,,
tile_694_raw.png,85760,9600,,
tile_694_clahe.png,85760,9600,,
tile_695_raw.png,85760,10240,,
tile_695_clahe.png,85760,10240,,
tile_696_raw.png,85760,10880,,
tile_696_clahe.png,85760,10880,,
tile_697_raw.png,86400,0,,
tile_697_clahe.png,86400,0,,
tile_698_raw.png,86400,640,,
tile_698_clahe.png,86400,640,,
tile_699_raw.png,86400,1280,,
tile_699_clahe.png,86400,1280,,
tile_700_raw.png,86400,1920,,
tile_700_clahe.png,86400,1920,,
tile_701_raw.png,86400,2560,,
tile_701_clahe.png,86400,2560,,
tile_702_raw.png,86400,3200,,
tile_702_clahe.png,86400,3200,,
tile_703_raw.png,86400,3840,,
tile_703_clahe.png,86400,3840,,
tile_704_raw.png,86400,4480,,
tile_704_clahe.png,86400,4480,,
tile_705_raw.png,86400,5120,,
tile_705_clahe.png,86400,5120,,
tile_706_raw.png,86400,5760,,
tile_706_clahe.png,86400,5760,,
tile_707_raw.png,86400,6400,,
tile_707_clahe.png,86400,6400,,
tile_708_raw.png,86400,7040,,
tile_708_clahe.png,86400,7040,,
tile_709_raw.png,86400,7680,,
tile_709_clahe.png,86400,7680,,
tile_710_raw.png,86400,8320,,
tile_710_clahe.png,86400,8320,,
tile_711_raw.png,86400,8960,,
tile_711_clahe.png,86400,8960,,
tile_712_raw.png,86400,9600,,
tile_712_clahe.png,86400,9600,,
tile_713_raw.png,86400,10240,,
tile_713_clahe.png,86400,10240,,
tile_714_raw.png,86400,10880,,
tile_714_clahe.png,86400,10880,,
tile_715_raw.png,87040,0,,
tile_715_clahe.png,87040,0,,
tile_716_raw.png,87040,640,,
tile_716_clahe.png,87040,640,,
tile_717_raw.png,87040,1280,,
tile_717_clahe.png,87040,1280,,
tile_718_raw.png,87040,1920,,
tile_718_clahe.png,87040,1920,,
tile_719_raw.png,87040,2560,,
tile_719_clahe.png,87040,2560,,
tile_720_raw.png,87040,3200,,
tile_720_clahe.png,87040,3200,,
tile_721_raw.png,87040,3840,,
tile_721_clahe.png,87040,3840,,
tile_722_raw.png,87040,4480,,
tile_722_clahe.png,87040,4480,,
tile_723_raw.png,87040,5120,,
tile_723_clahe.png,87040,5120,,
tile_724_raw.png,87040,5760,,
tile_724_clahe.png,87040,5760,,
tile_725_raw.png,87040,6400,,
tile_725_clahe.png,87040,6400,,
tile_726_raw.png,87040,7040,,
tile_726_clahe.png,87040,7040,,
tile_727_raw.png,87040,7680,,
tile_727_clahe.png,87040,7680,,
tile_728_raw.png,87040,8320,,
tile_728_clahe.png,87040,8320,,
tile_729_raw.png,87040,8960,,
tile_729_clahe.png,87040,8960,,
tile_730_raw.png,87040,9600,,
tile_730_clahe.png,87040,9600,,
tile_731_raw.png,87040,10240,,
tile_731_clahe.png,87040,10240,,
tile_732_raw.png,87040,10880,,
tile_732_clahe.png,87040,10880,,
tile_733_raw.png,87680,0,,
tile_733_clahe.png,87680,0,,
tile_734_raw.png,87680,640,,
tile_734_clahe.png,87680,640,,
tile_735_raw.png,87680,1280,-85.6051079,356.689968
tile_735_clahe.png,87680,1280,-85.6051079,356.689968
tile_736_raw.png,87680,1920,,
tile_736_clahe.png,87680,1920,,
tile_737_raw.png,87680,2560,,
tile_737_clahe.png,87680,2560,,
tile_738_raw.png,87680,3200,,
tile_738_clahe.png,87680,3200,,
tile_739_raw.png,87680,3840,,
tile_739_clahe.png,87680,3840,,
tile_740_raw.png,87680,4480,-85.6144065,356.328468
tile_740_clahe.png,87680,4480,-85.6144065,356.328468
tile_741_raw.png,87680,5120,,
tile_741_clahe.png,87680,5120,,
tile_742_raw.png,87680,5760,,
tile_742_clahe.png,87680,5760,,
tile_743_raw.png,87680,6400,,
tile_743_clahe.png,87680,6400,,
tile_744_raw.png,87680,7040,,
tile_744_clahe.png,87680,7040,,
tile_745_raw.png,87680,7680,-85.6235379,355.965011
tile_745_clahe.png,87680,7680,-85.6235379,355.965011
tile_746_raw.png,87680,8320,,
tile_746_clahe.png,87680,8320,,
tile_747_raw.png,87680,8960,,
tile_747_clahe.png,87680,8960,,
tile_748_raw.png,87680,9600,,
tile_748_clahe.png,87680,9600,,
tile_749_raw.png,87680,10240,,
tile_749_clahe.png,87680,10240,,
tile_750_raw.png,87680,10880,-85.6325006,355.599608
tile_750_clahe.png,87680,10880,-85.6325006,355.599608
tile_751_raw.png,88320,0,,
tile_751_clahe.png,88320,0,,
tile_752_raw.png,88320,640,,
tile_752_clahe.png,88320,640,,
tile_753_raw.png,88320,1280,,
tile_753_clahe.png,88320,1280,,
tile_754_raw.png,88320,1920,,
tile_754_clahe.png,88320,1920,,
tile_755_raw.png,88320,2560,,
tile_755_clahe.png,88320,2560,,
tile_756_raw.png,88320,3200,,
tile_756_clahe.png,88320,3200,,
tile_757_raw.png,88320,3840,,
tile_757_clahe.png,88320,3840,,
tile_758_raw.png,88320,4480,,
tile_758_clahe.png,88320,4480,,
tile_759_raw.png,88320,5120,,
tile_759_clahe.png,88320,5120,,
tile_760_raw.png,88320,5760,,
tile_760_clahe.png,88320,5760,,
tile_761_raw.png,88320,6400,,
tile_761_clahe.png,88320,6400,,
tile_762_raw.png,88320,7040,,
tile_762_clahe.png,88320,7040,,
tile_763_raw.png,88320,7680,,
tile_763_clahe.png,88320,7680,,
tile_764_raw.png,88320,8320,,
tile_764_clahe.png,88320,8320,,
tile_765_raw.png,88320,8960,,
tile_765_clahe.png,88320,8960,,
tile_766_raw.png,88320,9600,,
tile_766_clahe.png,88320,9600,,
tile_767_raw.png,88320,10240,,
tile_767_clahe.png,88320,10240,,
tile_768_raw.png,88320,10880,,
tile_768_clahe.png,88320,10880,,
tile_769_raw.png,88960,0,,
tile_769_clahe.png,88960,0,,
tile_770_raw.png,88960,640,,
tile_770_clahe.png,88960,640,,
tile_771_raw.png,88960,1280,,
tile_771_clahe.png,88960,1280,,
tile_772_raw.png,88960,1920,,
tile_772_clahe.png,88960,1920,,
tile_773_raw.png,88960,2560,,
tile_773_clahe.png,88960,2560,,
tile_774_raw.png,88960,3200,,
tile_774_clahe.png,88960,3200,,
tile_775_raw.png,88960,3840,,
tile_775_clahe.png,88960,3840,,
tile_776_raw.png,88960,4480,,
tile_776_clahe.png,88960,4480,,
tile_777_raw.png,88960,5120,,
tile_777_clahe.png,88960,5120,,
tile_778_raw.png,88960,5760,,
tile_778_clahe.png,88960,5760,,
tile_779_raw.png,88960,6400,,
tile_779_clahe.png,88960,6400,,
tile_780_raw.png,88960,7040,,
tile_780_clahe.png,88960,7040,,
tile_781_raw.png,88960,7680,,
tile_781_clahe.png,88960,7680,,
tile_782_raw.png,88960,8320,,
tile_782_clahe.png,88960,8320,,
tile_783_raw.png,88960,8960,,
tile_783_clahe.png,88960,8960,,
tile_784_raw.png,88960,9600,,
tile_784_clahe.png,88960,9600,,
tile_785_raw.png,88960,10240,,
tile_785_clahe.png,88960,10240,,
tile_786_raw.png,88960,10880,,
tile_786_clahe.png,88960,10880,,
tile_787_raw.png,89600,0,,
tile_787_clahe.png,89600,0,,
tile_788_raw.png,89600,640,,
tile_788_clahe.png,89600,640,,
tile_789_raw.png,89600,1280,,
tile_789_clahe.png,89600,1280,,
tile_790_raw.png,89600,1920,,
tile_790_clahe.png,89600,1920,,
tile_791_raw.png,89600,2560,,
tile_791_clahe.png,89600,2560,,
tile_792_raw.png,89600,3200,,
tile_792_clahe.png,89600,3200,,
tile_793_raw.png,89600,3840,,
tile_793_clahe.png,89600,3840,,
tile_794_raw.png,89600,4480,,
tile_794_clahe.png,89600,4480,,
tile_795_raw.png,89600,5120,,
tile_795_clahe.png,89600,5120,,
tile_796_raw.png,89600,5760,,
tile_796_clahe.png,89600,5760,,
tile_797_raw.png,89600,6400,,
tile_797_clahe.png,89600,6400,,
tile_798_raw.png,89600,7040,,
tile_798_clahe.png,89600,7040,,
tile_799_raw.png,89600,7680,,
tile_799_clahe.png,89600,7680,,
tile_800_raw.png,89600,8320,,
tile_800_clahe.png,89600,8320,,
tile_801_raw.png,89600,8960,,
tile_801_clahe.png,89600,8960,,
tile_802_raw.png,89600,9600,,
tile_802_clahe.png,89600,9600,,
tile_803_raw.png,89600,10240,,
tile_803_clahe.png,89600,10240,,
tile_804_raw.png,89600,10880,,
tile_804_clahe.png,89600,10880,,
tile_805_raw.png,90240,0,,
tile_805_clahe.png,90240,0,,
tile_806_raw.png,90240,640,,
tile_806_clahe.png,90240,640,,
tile_807_raw.png,90240,1280,,
tile_807_clahe.png,90240,1280,,
tile_808_raw.png,90240,1920,,
tile_808_clahe.png,90240,1920,,
tile_809_raw.png,90240,2560,,
tile_809_clahe.png,90240,2560,,
tile_810_raw.png,90240,3200,,
tile_810_clahe.png,90240,3200,,
tile_811_raw.png,90240,3840,,
tile_811_clahe.png,90240,3840,,
tile_812_raw.png,90240,4480,,
tile_812_clahe.png,90240,4480,,
tile_813_raw.png,90240,5120,,
tile_813_clahe.png,90240,5120,,
tile_814_raw.png,90240,5760,,
tile_814_clahe.png,90240,5760,,
tile_815_raw.png,90240,6400,,
tile_815_clahe.png,90240,6400,,
tile_816_raw.png,90240,7040,,
tile_816_clahe.png,90240,7040,,
tile_817_raw.png,90240,7680,,
tile_817_clahe.png,90240,7680,,
tile_818_raw.png,90240,8320,,
tile_818_clahe.png,90240,8320,,
tile_819_raw.png,90240,8960,,
tile_819_clahe.png,90240,8960,,
tile_820_raw.png,90240,9600,,
tile_820_clahe.png,90240,9600,,
tile_821_raw.png,90240,10240,,
tile_821_clahe.png,90240,10240,,
tile_822_raw.png,90240,10880,,
tile_822_clahe.png,90240,10880,,
tile_823_raw.png,90880,0,,
tile_823_clahe.png,90880,0,,
tile_824_raw.png,90880,640,,
tile_824_clahe.png,90880,640,,
tile_825_raw.png,90880,1280,-85.578427,356.566933
tile_825_clahe.png,90880,1280,-85.578427,356.566933
tile_826_raw.png,90880,1920,,
tile_826_clahe.png,90880,1920,,
tile_827_raw.png,90880,2560,,
tile_827_clahe.png,90880,2560,,
tile_828_raw.png,90880,3200,,
tile_828_clahe.png,90880,3200,,
tile_829_raw.png,90880,3840,,
tile_829_clahe.png,90880,3840,,
tile_830_raw.png,90880,4480,-85.5876665,356.207375
tile_830_clahe.png,90880,4480,-85.5876665,356.207375
tile_831_raw.png,90880,5120,,
tile_831_clahe.png,90880,5120,,
tile_832_raw.png,90880,5760,,
tile_832_clahe.png,90880,5760,,
tile_833_raw.png,90880,6400,,
tile_833_clahe.png,90880,6400,,
tile_834_raw.png,90880,7040,,
tile_834_clahe.png,90880,7040,,
tile_835_raw.png,90880,7680,-85.5967396,355.845891
tile_835_clahe.png,90880,7680,-85.5967396,355.845891
tile_836_raw.png,90880,8320,,
tile_836_clahe.png,90880,8320,,
tile_837_raw.png,90880,8960,,
tile_837_clahe.png,90880,8960,,
tile_838_raw.png,90880,9600,,
tile_838_clahe.png,90880,9600,,
tile_839_raw.png,90880,10240,,
tile_839_clahe.png,90880,10240,,
tile_840_raw.png,90880,10880,-85.6056447,355.482489
tile_840_clahe.png,90880,10880,-85.6056447,355.482489
tile_841_raw.png,91520,0,,
tile_841_clahe.png,91520,0,,
tile_842_raw.png,91520,640,,
tile_842_clahe.png,91520,640,,
tile_843_raw.png,91520,1280,,
tile_843_clahe.png,91520,1280,,
tile_844_raw.png,91520,1920,,
tile_844_clahe.png,91520,1920,,
tile_845_raw.png,91520,2560,,
tile_845_clahe.png,91520,2560,,
tile_846_raw.png,91520,3200,,
tile_846_clahe.png,91520,3200,,
tile_847_raw.png,91520,3840,,
tile_847_clahe.png,91520,3840,,
tile_848_raw.png,91520,4480,,
tile_848_clahe.png,91520,4480,,
tile_849_raw.png,91520,5120,,
tile_849_clahe.png,91520,5120,,
tile_850_raw.png,91520,5760,,
tile_850_clahe.png,91520,5760,,
tile_851_raw.png,91520,6400,,
tile_851_clahe.png,91520,6400,,
tile_852_raw.png,91520,7040,,
tile_852_clahe.png,91520,7040,,
tile_853_raw.png,91520,7680,,
tile_853_clahe.png,91520,7680,,
tile_854_raw.png,91520,8320,,
tile_854_clahe.png,91520,8320,,
tile_855_raw.png,91520,8960,,
tile_855_clahe.png,91520,8960,,
tile_856_raw.png,91520,9600,,
tile_856_clahe.png,91520,9600,,
tile_857_raw.png,91520,10240,,
tile_857_clahe.png,91520,10240,,
tile_858_raw.png,91520,10880,,
tile_858_clahe.png,91520,10880,,
tile_859_raw.png,92160,0,,
tile_859_clahe.png,92160,0,,
tile_860_raw.png,92160,640,,
tile_860_clahe.png,92160,640,,
tile_861_raw.png,92160,1280,,
tile_861_clahe.png,92160,1280,,
tile_862_raw.png,92160,1920,,
tile_862_clahe.png,92160,1920,,
tile_863_raw.png,92160,2560,,
tile_863_clahe.png,92160,2560,,
tile_864_raw.png,92160,3200,,
tile_864_clahe.png,92160,3200,,
tile_865_raw.png,92160,3840,,
tile_865_clahe.png,92160,3840,,
tile_866_raw.png,92160,4480,,
tile_866_clahe.png,92160,4480,,
tile_867_raw.png,92160,5120,,
tile_867_clahe.png,92160,5120,,
tile_868_raw.png,92160,5760,,
tile_868_clahe.png,92160,5760,,
tile_869_raw.png,92160,6400,,
tile_869_clahe.png,92160,6400,,
tile_870_raw.png,92160,7040,,
tile_870_clahe.png,92160,7040,,
tile_871_raw.png,92160,7680,,
tile_871_clahe.png,92160,7680,,
tile_872_raw.png,92160,8320,,
tile_872_clahe.png,92160,8320,,
tile_873_raw.png,92160,8960,,
tile_873_clahe.png,92160,8960,,
tile_874_raw.png,92160,9600,,
tile_874_clahe.png,92160,9600,,
tile_875_raw.png,92160,10240,,
tile_875_clahe.png,92160,10240,,
tile_876_raw.png,92160,10880,,
tile_876_clahe.png,92160,10880,,
tile_877_raw.png,92800,0,,
tile_877_clahe.png,92800,0,,
tile_878_raw.png,92800,640,,
tile_878_clahe.png,92800,640,,
tile_879_raw.png,92800,1280,,
tile_879_clahe.png,92800,1280,,
tile_880_raw.png,92800,1920,,
tile_880_clahe.png,92800,1920,,
tile_881_raw.png,92800,2560,,
tile_881_clahe.png,92800,2560,,
tile_882_raw.png,92800,3200,,
tile_882_clahe.png,92800,3200,,
tile_883_raw.png,92800,3840,,
tile_883_clahe.png,92800,3840,,
tile_884_raw.png,92800,4480,,
tile_884_clahe.png,92800,4480,,
tile_885_raw.png,92800,5120,,
tile_885_clahe.png,92800,5120,,
tile_886_raw.png,92800,5760,,
tile_886_clahe.png,92800,5760,,
tile_887_raw.png,92800,6400,,
tile_887_clahe.png,92800,6400,,
tile_888_raw.png,92800,7040,,
tile_888_clahe.png,92800,7040,,
tile_889_raw.png,92800,7680,,
tile_889_clahe.png,92800,7680,,
tile_890_raw.png,92800,8320,,
tile_890_clahe.png,92800,8320,,
tile_891_raw.png,92800,8960,,
tile_891_clahe.png,92800,8960,,
tile_892_raw.png,92800,9600,,
tile_892_clahe.png,92800,9600,,
tile_893_raw.png,92800,10240,,
tile_893_clahe.png,92800,10240,,
tile_894_raw.png,92800,10880,,
tile_894_clahe.png,92800,10880,,
